PROVIDER;DESCRIPTION;ACCOUNTID;REGION;ASSESSMENTDATE;REQUIREMENTS_ID;REQUIREMENTS_DESCRIPTION;REQUIREMENTS_ATTRIBUTES_SECTION;REQUIREMENTS_ATTRIBUTES_SUBSECTION;REQUIREMENTS_ATTRIBUTES_SUBGROUP;REQUIREMENTS_ATTRIBUTES_SERVICE;REQUIREMENTS_ATTRIBUTES_TYPE;STATUS;STATUSEXTENDED;RESOURCEID;CHECKID;MUTED;RESOURCENAME;FRAMEWORK;NAME;REQUIREMENTS_ATTRIBUTES_COMMENT
aws;Prudential Standard CPS 234 (Information Security) requires APRA-regulated entities to maintain information security commensurate with the size and extent of threats to their information assets. This framework maps the operative requirements of CPS 234 (paragraphs 13-36, July 2019) to AWS controls verifiable with Prowler. Paragraph references are taken from the official APRA CPS 234 standard. Governance and process obligations that cannot be observed via AWS APIs are marked Manual.;123456789012;ap-southeast-2;2026-06-06 18:26:25.671606;cps234-21-access-control;An APRA-regulated entity must have information security controls to protect its information assets, implemented in a timely manner and commensurate with vulnerabilities and threats, asset criticality and sensitivity, life-cycle stage, and potential consequences - including identity and access management enforcing least privilege.;Implementation of controls;;;;;FAIL;IAM Access Analyzer in account 123456789012 is not enabled.;arn:aws:accessanalyzer:ap-southeast-2:123456789012:analyzer/unknown;accessanalyzer_enabled;False;analyzer/unknown;APRA-CPS-234;APRA CPS 234 Information Security;
aws;Prudential Standard CPS 234 (Information Security) requires APRA-regulated entities to maintain information security commensurate with the size and extent of threats to their information assets. This framework maps the operative requirements of CPS 234 (paragraphs 13-36, July 2019) to AWS controls verifiable with Prowler. Paragraph references are taken from the official APRA CPS 234 standard. Governance and process obligations that cannot be observed via AWS APIs are marked Manual.;123456789012;ap-southeast-2;2026-06-06 18:26:25.671606;cps234-21-backups;Implementation of controls (paragraph 21): protect the availability of information assets, including backup and recovery controls.;Implementation of controls;;;;;FAIL;No Backup Vault exist.;arn:aws:backup:ap-southeast-2:123456789012:backup-vault;backup_vaults_exist;False;123456789012;APRA-CPS-234;APRA CPS 234 Information Security;
aws;Prudential Standard CPS 234 (Information Security) requires APRA-regulated entities to maintain information security commensurate with the size and extent of threats to their information assets. This framework maps the operative requirements of CPS 234 (paragraphs 13-36, July 2019) to AWS controls verifiable with Prowler. Paragraph references are taken from the official APRA CPS 234 standard. Governance and process obligations that cannot be observed via AWS APIs are marked Manual.;123456789012;ap-southeast-2;2026-06-06 18:26:25.671606;cps234-21-logging;Implementation of controls (paragraph 21): audit logging to support the detection of, and response to, information security incidents and to provide an audit trail.;Implementation of controls;;;;;FAIL;No CloudTrail trails enabled with logging were found.;arn:aws:cloudtrail:ap-southeast-2:123456789012:trail;cloudtrail_multi_region_enabled;False;123456789012;APRA-CPS-234;APRA CPS 234 Information Security;
aws;Prudential Standard CPS 234 (Information Security) requires APRA-regulated entities to maintain information security commensurate with the size and extent of threats to their information assets. This framework maps the operative requirements of CPS 234 (paragraphs 13-36, July 2019) to AWS controls verifiable with Prowler. Paragraph references are taken from the official APRA CPS 234 standard. Governance and process obligations that cannot be observed via AWS APIs are marked Manual.;123456789012;ap-southeast-2;2026-06-06 18:26:25.671606;cps234-23-incident-detection;An APRA-regulated entity must have robust mechanisms in place to detect and respond to information security incidents in a timely manner, including alerting on anomalous and unauthorised activity.;Incident management;;;;;FAIL;No CloudWatch log groups found with metric filters or alarms associated.;arn:aws:logs:ap-southeast-2:123456789012:log-group;cloudwatch_log_metric_filter_authentication_failures;False;123456789012;APRA-CPS-234;APRA CPS 234 Information Security;
aws;Prudential Standard CPS 234 (Information Security) requires APRA-regulated entities to maintain information security commensurate with the size and extent of threats to their information assets. This framework maps the operative requirements of CPS 234 (paragraphs 13-36, July 2019) to AWS controls verifiable with Prowler. Paragraph references are taken from the official APRA CPS 234 standard. Governance and process obligations that cannot be observed via AWS APIs are marked Manual.;123456789012;ap-southeast-2;2026-06-06 18:26:25.671606;cps234-23-incident-detection;An APRA-regulated entity must have robust mechanisms in place to detect and respond to information security incidents in a timely manner, including alerting on anomalous and unauthorised activity.;Incident management;;;;;FAIL;No CloudWatch log groups found with metric filters or alarms associated.;arn:aws:logs:ap-southeast-2:123456789012:log-group;cloudwatch_log_metric_filter_root_usage;False;123456789012;APRA-CPS-234;APRA CPS 234 Information Security;
aws;Prudential Standard CPS 234 (Information Security) requires APRA-regulated entities to maintain information security commensurate with the size and extent of threats to their information assets. This framework maps the operative requirements of CPS 234 (paragraphs 13-36, July 2019) to AWS controls verifiable with Prowler. Paragraph references are taken from the official APRA CPS 234 standard. Governance and process obligations that cannot be observed via AWS APIs are marked Manual.;123456789012;ap-southeast-2;2026-06-06 18:26:25.671606;cps234-23-incident-detection;An APRA-regulated entity must have robust mechanisms in place to detect and respond to information security incidents in a timely manner, including alerting on anomalous and unauthorised activity.;Incident management;;;;;FAIL;No CloudWatch log groups found with metric filters or alarms associated.;arn:aws:logs:ap-southeast-2:123456789012:log-group;cloudwatch_log_metric_filter_sign_in_without_mfa;False;123456789012;APRA-CPS-234;APRA CPS 234 Information Security;
aws;Prudential Standard CPS 234 (Information Security) requires APRA-regulated entities to maintain information security commensurate with the size and extent of threats to their information assets. This framework maps the operative requirements of CPS 234 (paragraphs 13-36, July 2019) to AWS controls verifiable with Prowler. Paragraph references are taken from the official APRA CPS 234 standard. Governance and process obligations that cannot be observed via AWS APIs are marked Manual.;123456789012;ap-southeast-2;2026-06-06 18:26:25.671606;cps234-23-incident-detection;An APRA-regulated entity must have robust mechanisms in place to detect and respond to information security incidents in a timely manner, including alerting on anomalous and unauthorised activity.;Incident management;;;;;FAIL;No CloudWatch log groups found with metric filters or alarms associated.;arn:aws:logs:ap-southeast-2:123456789012:log-group;cloudwatch_log_metric_filter_unauthorized_api_calls;False;123456789012;APRA-CPS-234;APRA CPS 234 Information Security;
aws;Prudential Standard CPS 234 (Information Security) requires APRA-regulated entities to maintain information security commensurate with the size and extent of threats to their information assets. This framework maps the operative requirements of CPS 234 (paragraphs 13-36, July 2019) to AWS controls verifiable with Prowler. Paragraph references are taken from the official APRA CPS 234 standard. Governance and process obligations that cannot be observed via AWS APIs are marked Manual.;123456789012;ap-southeast-2;2026-06-06 18:26:25.671606;cps234-21-logging;Implementation of controls (paragraph 21): audit logging to support the detection of, and response to, information security incidents and to provide an audit trail.;Implementation of controls;;;;;FAIL;AWS Config recorder 123456789012 is disabled.;arn:aws:config:ap-southeast-2:123456789012:recorder;config_recorder_all_regions_enabled;False;123456789012;APRA-CPS-234;APRA CPS 234 Information Security;
aws;Prudential Standard CPS 234 (Information Security) requires APRA-regulated entities to maintain information security commensurate with the size and extent of threats to their information assets. This framework maps the operative requirements of CPS 234 (paragraphs 13-36, July 2019) to AWS controls verifiable with Prowler. Paragraph references are taken from the official APRA CPS 234 standard. Governance and process obligations that cannot be observed via AWS APIs are marked Manual.;123456789012;ap-southeast-2;2026-06-06 18:26:25.671606;cps234-21-threat-detection;Implementation of controls (paragraph 21): detective controls capable of identifying information security incidents in a timely manner.;Implementation of controls;;;;;FAIL;GuardDuty is not enabled.;arn:aws:guardduty:ap-southeast-2:123456789012:detector/unknown;guardduty_is_enabled;False;detector/unknown;APRA-CPS-234;APRA CPS 234 Information Security;
aws;Prudential Standard CPS 234 (Information Security) requires APRA-regulated entities to maintain information security commensurate with the size and extent of threats to their information assets. This framework maps the operative requirements of CPS 234 (paragraphs 13-36, July 2019) to AWS controls verifiable with Prowler. Paragraph references are taken from the official APRA CPS 234 standard. Governance and process obligations that cannot be observed via AWS APIs are marked Manual.;123456789012;ap-southeast-2;2026-06-06 18:26:25.671606;cps234-21-access-control;An APRA-regulated entity must have information security controls to protect its information assets, implemented in a timely manner and commensurate with vulnerabilities and threats, asset criticality and sensitivity, life-cycle stage, and potential consequences - including identity and access management enforcing least privilege.;Implementation of controls;;;;;PASS;AWS policy AWSApplicationAutoscalingECSServicePolicy is attached but does not allow '*:*' administrative privileges.;arn:aws:iam::aws:policy/aws-service-role/AWSApplicationAutoscalingECSServicePolicy;iam_aws_attached_policy_no_administrative_privileges;False;AWSApplicationAutoscalingECSServicePolicy;APRA-CPS-234;APRA CPS 234 Information Security;
aws;Prudential Standard CPS 234 (Information Security) requires APRA-regulated entities to maintain information security commensurate with the size and extent of threats to their information assets. This framework maps the operative requirements of CPS 234 (paragraphs 13-36, July 2019) to AWS controls verifiable with Prowler. Paragraph references are taken from the official APRA CPS 234 standard. Governance and process obligations that cannot be observed via AWS APIs are marked Manual.;123456789012;ap-southeast-2;2026-06-06 18:26:25.671606;cps234-21-access-control;An APRA-regulated entity must have information security controls to protect its information assets, implemented in a timely manner and commensurate with vulnerabilities and threats, asset criticality and sensitivity, life-cycle stage, and potential consequences - including identity and access management enforcing least privilege.;Implementation of controls;;;;;PASS;AWS policy AmazonECSServiceRolePolicy is attached but does not allow '*:*' administrative privileges.;arn:aws:iam::aws:policy/aws-service-role/AmazonECSServiceRolePolicy;iam_aws_attached_policy_no_administrative_privileges;False;AmazonECSServiceRolePolicy;APRA-CPS-234;APRA CPS 234 Information Security;
aws;Prudential Standard CPS 234 (Information Security) requires APRA-regulated entities to maintain information security commensurate with the size and extent of threats to their information assets. This framework maps the operative requirements of CPS 234 (paragraphs 13-36, July 2019) to AWS controls verifiable with Prowler. Paragraph references are taken from the official APRA CPS 234 standard. Governance and process obligations that cannot be observed via AWS APIs are marked Manual.;123456789012;ap-southeast-2;2026-06-06 18:26:25.671606;cps234-21-access-control;An APRA-regulated entity must have information security controls to protect its information assets, implemented in a timely manner and commensurate with vulnerabilities and threats, asset criticality and sensitivity, life-cycle stage, and potential consequences - including identity and access management enforcing least privilege.;Implementation of controls;;;;;PASS;AWS policy AmazonECSTaskExecutionRolePolicy is attached but does not allow '*:*' administrative privileges.;arn:aws:iam::aws:policy/service-role/AmazonECSTaskExecutionRolePolicy;iam_aws_attached_policy_no_administrative_privileges;False;AmazonECSTaskExecutionRolePolicy;APRA-CPS-234;APRA CPS 234 Information Security;
aws;Prudential Standard CPS 234 (Information Security) requires APRA-regulated entities to maintain information security commensurate with the size and extent of threats to their information assets. This framework maps the operative requirements of CPS 234 (paragraphs 13-36, July 2019) to AWS controls verifiable with Prowler. Paragraph references are taken from the official APRA CPS 234 standard. Governance and process obligations that cannot be observed via AWS APIs are marked Manual.;123456789012;ap-southeast-2;2026-06-06 18:26:25.671606;cps234-21-access-control;An APRA-regulated entity must have information security controls to protect its information assets, implemented in a timely manner and commensurate with vulnerabilities and threats, asset criticality and sensitivity, life-cycle stage, and potential consequences - including identity and access management enforcing least privilege.;Implementation of controls;;;;;PASS;AWS policy AWSElasticLoadBalancingServiceRolePolicy is attached but does not allow '*:*' administrative privileges.;arn:aws:iam::aws:policy/aws-service-role/AWSElasticLoadBalancingServiceRolePolicy;iam_aws_attached_policy_no_administrative_privileges;False;AWSElasticLoadBalancingServiceRolePolicy;APRA-CPS-234;APRA CPS 234 Information Security;
aws;Prudential Standard CPS 234 (Information Security) requires APRA-regulated entities to maintain information security commensurate with the size and extent of threats to their information assets. This framework maps the operative requirements of CPS 234 (paragraphs 13-36, July 2019) to AWS controls verifiable with Prowler. Paragraph references are taken from the official APRA CPS 234 standard. Governance and process obligations that cannot be observed via AWS APIs are marked Manual.;123456789012;ap-southeast-2;2026-06-06 18:26:25.671606;cps234-21-access-control;An APRA-regulated entity must have information security controls to protect its information assets, implemented in a timely manner and commensurate with vulnerabilities and threats, asset criticality and sensitivity, life-cycle stage, and potential consequences - including identity and access management enforcing least privilege.;Implementation of controls;;;;;PASS;AWS policy AWSTrustedAdvisorServiceRolePolicy is attached but does not allow '*:*' administrative privileges.;arn:aws:iam::aws:policy/aws-service-role/AWSTrustedAdvisorServiceRolePolicy;iam_aws_attached_policy_no_administrative_privileges;False;AWSTrustedAdvisorServiceRolePolicy;APRA-CPS-234;APRA CPS 234 Information Security;
aws;Prudential Standard CPS 234 (Information Security) requires APRA-regulated entities to maintain information security commensurate with the size and extent of threats to their information assets. This framework maps the operative requirements of CPS 234 (paragraphs 13-36, July 2019) to AWS controls verifiable with Prowler. Paragraph references are taken from the official APRA CPS 234 standard. Governance and process obligations that cannot be observed via AWS APIs are marked Manual.;123456789012;ap-southeast-2;2026-06-06 18:26:25.671606;cps234-21-access-control;An APRA-regulated entity must have information security controls to protect its information assets, implemented in a timely manner and commensurate with vulnerabilities and threats, asset criticality and sensitivity, life-cycle stage, and potential consequences - including identity and access management enforcing least privilege.;Implementation of controls;;;;;FAIL;AWS policy AdministratorAccess is attached and allows '*:*' administrative privileges.;arn:aws:iam::aws:policy/AdministratorAccess;iam_aws_attached_policy_no_administrative_privileges;False;AdministratorAccess;APRA-CPS-234;APRA CPS 234 Information Security;
aws;Prudential Standard CPS 234 (Information Security) requires APRA-regulated entities to maintain information security commensurate with the size and extent of threats to their information assets. This framework maps the operative requirements of CPS 234 (paragraphs 13-36, July 2019) to AWS controls verifiable with Prowler. Paragraph references are taken from the official APRA CPS 234 standard. Governance and process obligations that cannot be observed via AWS APIs are marked Manual.;123456789012;ap-southeast-2;2026-06-06 18:26:25.671606;cps234-21-access-control;An APRA-regulated entity must have information security controls to protect its information assets, implemented in a timely manner and commensurate with vulnerabilities and threats, asset criticality and sensitivity, life-cycle stage, and potential consequences - including identity and access management enforcing least privilege.;Implementation of controls;;;;;PASS;AWS policy AWSSupportServiceRolePolicy is attached but does not allow '*:*' administrative privileges.;arn:aws:iam::aws:policy/aws-service-role/AWSSupportServiceRolePolicy;iam_aws_attached_policy_no_administrative_privileges;False;AWSSupportServiceRolePolicy;APRA-CPS-234;APRA CPS 234 Information Security;
aws;Prudential Standard CPS 234 (Information Security) requires APRA-regulated entities to maintain information security commensurate with the size and extent of threats to their information assets. This framework maps the operative requirements of CPS 234 (paragraphs 13-36, July 2019) to AWS controls verifiable with Prowler. Paragraph references are taken from the official APRA CPS 234 standard. Governance and process obligations that cannot be observed via AWS APIs are marked Manual.;123456789012;ap-southeast-2;2026-06-06 18:26:25.671606;cps234-21-access-control;An APRA-regulated entity must have information security controls to protect its information assets, implemented in a timely manner and commensurate with vulnerabilities and threats, asset criticality and sensitivity, life-cycle stage, and potential consequences - including identity and access management enforcing least privilege.;Implementation of controls;;;;;PASS;AWS policy AmazonECSInfrastructureRoleforExpressGatewayServices is attached but does not allow '*:*' administrative privileges.;arn:aws:iam::aws:policy/service-role/AmazonECSInfrastructureRoleforExpressGatewayServices;iam_aws_attached_policy_no_administrative_privileges;False;AmazonECSInfrastructureRoleforExpressGatewayServices;APRA-CPS-234;APRA CPS 234 Information Security;
aws;Prudential Standard CPS 234 (Information Security) requires APRA-regulated entities to maintain information security commensurate with the size and extent of threats to their information assets. This framework maps the operative requirements of CPS 234 (paragraphs 13-36, July 2019) to AWS controls verifiable with Prowler. Paragraph references are taken from the official APRA CPS 234 standard. Governance and process obligations that cannot be observed via AWS APIs are marked Manual.;123456789012;ap-southeast-2;2026-06-06 18:26:25.671606;cps234-21-access-control;An APRA-regulated entity must have information security controls to protect its information assets, implemented in a timely manner and commensurate with vulnerabilities and threats, asset criticality and sensitivity, life-cycle stage, and potential consequences - including identity and access management enforcing least privilege.;Implementation of controls;;;;;PASS;AWS policy AWSResourceExplorerServiceRolePolicy is attached but does not allow '*:*' administrative privileges.;arn:aws:iam::aws:policy/aws-service-role/AWSResourceExplorerServiceRolePolicy;iam_aws_attached_policy_no_administrative_privileges;False;AWSResourceExplorerServiceRolePolicy;APRA-CPS-234;APRA CPS 234 Information Security;
aws;Prudential Standard CPS 234 (Information Security) requires APRA-regulated entities to maintain information security commensurate with the size and extent of threats to their information assets. This framework maps the operative requirements of CPS 234 (paragraphs 13-36, July 2019) to AWS controls verifiable with Prowler. Paragraph references are taken from the official APRA CPS 234 standard. Governance and process obligations that cannot be observed via AWS APIs are marked Manual.;123456789012;ap-southeast-2;2026-06-06 18:26:25.671606;cps234-21-password-policy;Implementation of controls (paragraph 21): a strong account password policy.;Implementation of controls;;;;;FAIL;Password expiration is not set.;arn:aws:iam:ap-southeast-2:123456789012:password-policy;iam_password_policy_expires_passwords_within_90_days_or_less;False;123456789012;APRA-CPS-234;APRA CPS 234 Information Security;
aws;Prudential Standard CPS 234 (Information Security) requires APRA-regulated entities to maintain information security commensurate with the size and extent of threats to their information assets. This framework maps the operative requirements of CPS 234 (paragraphs 13-36, July 2019) to AWS controls verifiable with Prowler. Paragraph references are taken from the official APRA CPS 234 standard. Governance and process obligations that cannot be observed via AWS APIs are marked Manual.;123456789012;ap-southeast-2;2026-06-06 18:26:25.671606;cps234-21-password-policy;Implementation of controls (paragraph 21): a strong account password policy.;Implementation of controls;;;;;FAIL;IAM password policy does not require at least one lowercase letter.;arn:aws:iam:ap-southeast-2:123456789012:password-policy;iam_password_policy_lowercase;False;123456789012;APRA-CPS-234;APRA CPS 234 Information Security;
aws;Prudential Standard CPS 234 (Information Security) requires APRA-regulated entities to maintain information security commensurate with the size and extent of threats to their information assets. This framework maps the operative requirements of CPS 234 (paragraphs 13-36, July 2019) to AWS controls verifiable with Prowler. Paragraph references are taken from the official APRA CPS 234 standard. Governance and process obligations that cannot be observed via AWS APIs are marked Manual.;123456789012;ap-southeast-2;2026-06-06 18:26:25.671606;cps234-21-password-policy;Implementation of controls (paragraph 21): a strong account password policy.;Implementation of controls;;;;;FAIL;IAM password policy does not require minimum length of 14 characters.;arn:aws:iam:ap-southeast-2:123456789012:password-policy;iam_password_policy_minimum_length_14;False;123456789012;APRA-CPS-234;APRA CPS 234 Information Security;
aws;Prudential Standard CPS 234 (Information Security) requires APRA-regulated entities to maintain information security commensurate with the size and extent of threats to their information assets. This framework maps the operative requirements of CPS 234 (paragraphs 13-36, July 2019) to AWS controls verifiable with Prowler. Paragraph references are taken from the official APRA CPS 234 standard. Governance and process obligations that cannot be observed via AWS APIs are marked Manual.;123456789012;ap-southeast-2;2026-06-06 18:26:25.671606;cps234-21-password-policy;Implementation of controls (paragraph 21): a strong account password policy.;Implementation of controls;;;;;FAIL;IAM password policy does not require at least one number.;arn:aws:iam:ap-southeast-2:123456789012:password-policy;iam_password_policy_number;False;123456789012;APRA-CPS-234;APRA CPS 234 Information Security;
aws;Prudential Standard CPS 234 (Information Security) requires APRA-regulated entities to maintain information security commensurate with the size and extent of threats to their information assets. This framework maps the operative requirements of CPS 234 (paragraphs 13-36, July 2019) to AWS controls verifiable with Prowler. Paragraph references are taken from the official APRA CPS 234 standard. Governance and process obligations that cannot be observed via AWS APIs are marked Manual.;123456789012;ap-southeast-2;2026-06-06 18:26:25.671606;cps234-21-password-policy;Implementation of controls (paragraph 21): a strong account password policy.;Implementation of controls;;;;;FAIL;IAM password policy reuse prevention is less than 24 or not set.;arn:aws:iam:ap-southeast-2:123456789012:password-policy;iam_password_policy_reuse_24;False;123456789012;APRA-CPS-234;APRA CPS 234 Information Security;
aws;Prudential Standard CPS 234 (Information Security) requires APRA-regulated entities to maintain information security commensurate with the size and extent of threats to their information assets. This framework maps the operative requirements of CPS 234 (paragraphs 13-36, July 2019) to AWS controls verifiable with Prowler. Paragraph references are taken from the official APRA CPS 234 standard. Governance and process obligations that cannot be observed via AWS APIs are marked Manual.;123456789012;ap-southeast-2;2026-06-06 18:26:25.671606;cps234-21-password-policy;Implementation of controls (paragraph 21): a strong account password policy.;Implementation of controls;;;;;FAIL;IAM password policy does not require at least one symbol.;arn:aws:iam:ap-southeast-2:123456789012:password-policy;iam_password_policy_symbol;False;123456789012;APRA-CPS-234;APRA CPS 234 Information Security;
aws;Prudential Standard CPS 234 (Information Security) requires APRA-regulated entities to maintain information security commensurate with the size and extent of threats to their information assets. This framework maps the operative requirements of CPS 234 (paragraphs 13-36, July 2019) to AWS controls verifiable with Prowler. Paragraph references are taken from the official APRA CPS 234 standard. Governance and process obligations that cannot be observed via AWS APIs are marked Manual.;123456789012;ap-southeast-2;2026-06-06 18:26:25.671606;cps234-21-password-policy;Implementation of controls (paragraph 21): a strong account password policy.;Implementation of controls;;;;;FAIL;IAM password policy does not require at least one uppercase letter.;arn:aws:iam:ap-southeast-2:123456789012:password-policy;iam_password_policy_uppercase;False;123456789012;APRA-CPS-234;APRA CPS 234 Information Security;
aws;Prudential Standard CPS 234 (Information Security) requires APRA-regulated entities to maintain information security commensurate with the size and extent of threats to their information assets. This framework maps the operative requirements of CPS 234 (paragraphs 13-36, July 2019) to AWS controls verifiable with Prowler. Paragraph references are taken from the official APRA CPS 234 standard. Governance and process obligations that cannot be observed via AWS APIs are marked Manual.;123456789012;ap-southeast-2;2026-06-06 18:26:25.671606;cps234-21-mfa;Implementation of controls (paragraph 21): multi-factor authentication for privileged and console access, including the root user.;Implementation of controls;;;;;FAIL;Root account has a virtual MFA instead of a hardware MFA device enabled.;arn:aws:iam::123456789012:mfa;iam_root_hardware_mfa_enabled;False;<root_account>;APRA-CPS-234;APRA CPS 234 Information Security;
aws;Prudential Standard CPS 234 (Information Security) requires APRA-regulated entities to maintain information security commensurate with the size and extent of threats to their information assets. This framework maps the operative requirements of CPS 234 (paragraphs 13-36, July 2019) to AWS controls verifiable with Prowler. Paragraph references are taken from the official APRA CPS 234 standard. Governance and process obligations that cannot be observed via AWS APIs are marked Manual.;123456789012;ap-southeast-2;2026-06-06 18:26:25.671606;cps234-21-mfa;Implementation of controls (paragraph 21): multi-factor authentication for privileged and console access, including the root user.;Implementation of controls;;;;;PASS;MFA is enabled for root account.;arn:aws:iam::123456789012:root;iam_root_mfa_enabled;False;<root_account>;APRA-CPS-234;APRA CPS 234 Information Security;
aws;Prudential Standard CPS 234 (Information Security) requires APRA-regulated entities to maintain information security commensurate with the size and extent of threats to their information assets. This framework maps the operative requirements of CPS 234 (paragraphs 13-36, July 2019) to AWS controls verifiable with Prowler. Paragraph references are taken from the official APRA CPS 234 standard. Governance and process obligations that cannot be observed via AWS APIs are marked Manual.;123456789012;ap-southeast-2;2026-06-06 18:26:25.671606;cps234-21-access-control;An APRA-regulated entity must have information security controls to protect its information assets, implemented in a timely manner and commensurate with vulnerabilities and threats, asset criticality and sensitivity, life-cycle stage, and potential consequences - including identity and access management enforcing least privilege.;Implementation of controls;;;;;PASS;User <root_account> does not have access keys.;arn:aws:iam::123456789012:root;iam_user_accesskey_unused;False;<root_account>;APRA-CPS-234;APRA CPS 234 Information Security;
aws;Prudential Standard CPS 234 (Information Security) requires APRA-regulated entities to maintain information security commensurate with the size and extent of threats to their information assets. This framework maps the operative requirements of CPS 234 (paragraphs 13-36, July 2019) to AWS controls verifiable with Prowler. Paragraph references are taken from the official APRA CPS 234 standard. Governance and process obligations that cannot be observed via AWS APIs are marked Manual.;123456789012;ap-southeast-2;2026-06-06 18:26:25.671606;cps234-21-access-control;An APRA-regulated entity must have information security controls to protect its information assets, implemented in a timely manner and commensurate with vulnerabilities and threats, asset criticality and sensitivity, life-cycle stage, and potential consequences - including identity and access management enforcing least privilege.;Implementation of controls;;;;;PASS;User jay-cli does not have unused access keys for 45 days.;arn:aws:iam::123456789012:user/jay-cli;iam_user_accesskey_unused;False;jay-cli;APRA-CPS-234;APRA CPS 234 Information Security;
aws;Prudential Standard CPS 234 (Information Security) requires APRA-regulated entities to maintain information security commensurate with the size and extent of threats to their information assets. This framework maps the operative requirements of CPS 234 (paragraphs 13-36, July 2019) to AWS controls verifiable with Prowler. Paragraph references are taken from the official APRA CPS 234 standard. Governance and process obligations that cannot be observed via AWS APIs are marked Manual.;123456789012;ap-southeast-2;2026-06-06 18:26:25.671606;cps234-21-access-control;An APRA-regulated entity must have information security controls to protect its information assets, implemented in a timely manner and commensurate with vulnerabilities and threats, asset criticality and sensitivity, life-cycle stage, and potential consequences - including identity and access management enforcing least privilege.;Implementation of controls;;;;;FAIL;IAM User jay-cli has AdministratorAccess policy attached.;arn:aws:iam::123456789012:user/jay-cli;iam_user_administrator_access_policy;False;jay-cli;APRA-CPS-234;APRA CPS 234 Information Security;
aws;Prudential Standard CPS 234 (Information Security) requires APRA-regulated entities to maintain information security commensurate with the size and extent of threats to their information assets. This framework maps the operative requirements of CPS 234 (paragraphs 13-36, July 2019) to AWS controls verifiable with Prowler. Paragraph references are taken from the official APRA CPS 234 standard. Governance and process obligations that cannot be observed via AWS APIs are marked Manual.;123456789012;ap-southeast-2;2026-06-06 18:26:25.671606;cps234-21-mfa;Implementation of controls (paragraph 21): multi-factor authentication for privileged and console access, including the root user.;Implementation of controls;;;;;FAIL;User jay-cli does not have any type of MFA enabled.;arn:aws:iam::123456789012:user/jay-cli;iam_user_hardware_mfa_enabled;False;jay-cli;APRA-CPS-234;APRA CPS 234 Information Security;
aws;Prudential Standard CPS 234 (Information Security) requires APRA-regulated entities to maintain information security commensurate with the size and extent of threats to their information assets. This framework maps the operative requirements of CPS 234 (paragraphs 13-36, July 2019) to AWS controls verifiable with Prowler. Paragraph references are taken from the official APRA CPS 234 standard. Governance and process obligations that cannot be observed via AWS APIs are marked Manual.;123456789012;ap-southeast-2;2026-06-06 18:26:25.671606;cps234-21-mfa;Implementation of controls (paragraph 21): multi-factor authentication for privileged and console access, including the root user.;Implementation of controls;;;;;PASS;User jay-cli does not have Console Password enabled.;arn:aws:iam::123456789012:user/jay-cli;iam_user_mfa_enabled_console_access;False;jay-cli;APRA-CPS-234;APRA CPS 234 Information Security;
aws;Prudential Standard CPS 234 (Information Security) requires APRA-regulated entities to maintain information security commensurate with the size and extent of threats to their information assets. This framework maps the operative requirements of CPS 234 (paragraphs 13-36, July 2019) to AWS controls verifiable with Prowler. Paragraph references are taken from the official APRA CPS 234 standard. Governance and process obligations that cannot be observed via AWS APIs are marked Manual.;123456789012;ap-southeast-2;2026-06-06 18:26:25.671606;cps234-21-access-control;An APRA-regulated entity must have information security controls to protect its information assets, implemented in a timely manner and commensurate with vulnerabilities and threats, asset criticality and sensitivity, life-cycle stage, and potential consequences - including identity and access management enforcing least privilege.;Implementation of controls;;;;;PASS;User <root_account> does not have 2 active access keys.;arn:aws:iam::123456789012:root;iam_user_two_active_access_key;False;<root_account>;APRA-CPS-234;APRA CPS 234 Information Security;
aws;Prudential Standard CPS 234 (Information Security) requires APRA-regulated entities to maintain information security commensurate with the size and extent of threats to their information assets. This framework maps the operative requirements of CPS 234 (paragraphs 13-36, July 2019) to AWS controls verifiable with Prowler. Paragraph references are taken from the official APRA CPS 234 standard. Governance and process obligations that cannot be observed via AWS APIs are marked Manual.;123456789012;ap-southeast-2;2026-06-06 18:26:25.671606;cps234-21-access-control;An APRA-regulated entity must have information security controls to protect its information assets, implemented in a timely manner and commensurate with vulnerabilities and threats, asset criticality and sensitivity, life-cycle stage, and potential consequences - including identity and access management enforcing least privilege.;Implementation of controls;;;;;PASS;User jay-cli does not have 2 active access keys.;arn:aws:iam::123456789012:user/jay-cli;iam_user_two_active_access_key;False;jay-cli;APRA-CPS-234;APRA CPS 234 Information Security;
aws;Prudential Standard CPS 234 (Information Security) requires APRA-regulated entities to maintain information security commensurate with the size and extent of threats to their information assets. This framework maps the operative requirements of CPS 234 (paragraphs 13-36, July 2019) to AWS controls verifiable with Prowler. Paragraph references are taken from the official APRA CPS 234 standard. Governance and process obligations that cannot be observed via AWS APIs are marked Manual.;123456789012;ap-southeast-2;2026-06-06 18:26:25.671606;cps234-21-access-control;An APRA-regulated entity must have information security controls to protect its information assets, implemented in a timely manner and commensurate with vulnerabilities and threats, asset criticality and sensitivity, life-cycle stage, and potential consequences - including identity and access management enforcing least privilege.;Implementation of controls;;;;;FAIL;User jay-cli has long lived credentials with access to other services than IAM or STS.;arn:aws:iam::123456789012:user/jay-cli;iam_user_with_temporary_credentials;False;jay-cli;APRA-CPS-234;APRA CPS 234 Information Security;
aws;Prudential Standard CPS 234 (Information Security) requires APRA-regulated entities to maintain information security commensurate with the size and extent of threats to their information assets. This framework maps the operative requirements of CPS 234 (paragraphs 13-36, July 2019) to AWS controls verifiable with Prowler. Paragraph references are taken from the official APRA CPS 234 standard. Governance and process obligations that cannot be observed via AWS APIs are marked Manual.;123456789012;ap-southeast-2;2026-06-06 18:26:25.671606;cps234-21-threat-detection;Implementation of controls (paragraph 21): detective controls capable of identifying information security incidents in a timely manner.;Implementation of controls;;;;;FAIL;Inspector2 is not enabled in this account.;arn:aws:inspector2:ap-southeast-2:123456789012:inspector2;inspector2_is_enabled;False;Inspector2;APRA-CPS-234;APRA CPS 234 Information Security;
aws;Prudential Standard CPS 234 (Information Security) requires APRA-regulated entities to maintain information security commensurate with the size and extent of threats to their information assets. This framework maps the operative requirements of CPS 234 (paragraphs 13-36, July 2019) to AWS controls verifiable with Prowler. Paragraph references are taken from the official APRA CPS 234 standard. Governance and process obligations that cannot be observed via AWS APIs are marked Manual.;123456789012;ap-southeast-2;2026-06-06 18:26:25.671606;cps234-27-testing-effectiveness;An APRA-regulated entity must test the effectiveness of its information security controls through a systematic testing program, with nature and frequency commensurate with the rate of change of threats, asset criticality, incident consequences, untrusted environments and the rate of change to assets.;Testing control effectiveness;;;;;FAIL;Inspector2 is not enabled in this account.;arn:aws:inspector2:ap-southeast-2:123456789012:inspector2;inspector2_is_enabled;False;Inspector2;APRA-CPS-234;APRA CPS 234 Information Security;
aws;Prudential Standard CPS 234 (Information Security) requires APRA-regulated entities to maintain information security commensurate with the size and extent of threats to their information assets. This framework maps the operative requirements of CPS 234 (paragraphs 13-36, July 2019) to AWS controls verifiable with Prowler. Paragraph references are taken from the official APRA CPS 234 standard. Governance and process obligations that cannot be observed via AWS APIs are marked Manual.;123456789012;ap-southeast-2;2026-06-06 18:26:25.671606;cps234-21-public-exposure;Implementation of controls (paragraph 21): prevent the unauthorised disclosure of information assets, including unintended public exposure.;Implementation of controls;;;;;FAIL;Block Public Access is not configured for the account 123456789012.;arn:aws:s3:ap-southeast-2:123456789012:account;s3_account_level_public_access_blocks;False;123456789012;APRA-CPS-234;APRA CPS 234 Information Security;
aws;Prudential Standard CPS 234 (Information Security) requires APRA-regulated entities to maintain information security commensurate with the size and extent of threats to their information assets. This framework maps the operative requirements of CPS 234 (paragraphs 13-36, July 2019) to AWS controls verifiable with Prowler. Paragraph references are taken from the official APRA CPS 234 standard. Governance and process obligations that cannot be observed via AWS APIs are marked Manual.;123456789012;ap-southeast-2;2026-06-06 18:26:25.671606;cps234-21-encryption-at-rest;Implementation of controls (paragraph 21): protect the confidentiality and integrity of information assets at rest through encryption.;Implementation of controls;;;;;PASS;S3 Bucket tf-state-123456789012-ap-southeast-2 has Server Side Encryption with AES256.;arn:aws:s3:::tf-state-123456789012-ap-southeast-2;s3_bucket_default_encryption;False;tf-state-123456789012-ap-southeast-2;APRA-CPS-234;APRA CPS 234 Information Security;
aws;Prudential Standard CPS 234 (Information Security) requires APRA-regulated entities to maintain information security commensurate with the size and extent of threats to their information assets. This framework maps the operative requirements of CPS 234 (paragraphs 13-36, July 2019) to AWS controls verifiable with Prowler. Paragraph references are taken from the official APRA CPS 234 standard. Governance and process obligations that cannot be observed via AWS APIs are marked Manual.;123456789012;ap-southeast-2;2026-06-06 18:26:25.671606;cps234-21-public-exposure;Implementation of controls (paragraph 21): prevent the unauthorised disclosure of information assets, including unintended public exposure.;Implementation of controls;;;;;PASS;Block Public Access is configured for the S3 Bucket tf-state-123456789012-ap-southeast-2.;arn:aws:s3:::tf-state-123456789012-ap-southeast-2;s3_bucket_level_public_access_block;False;tf-state-123456789012-ap-southeast-2;APRA-CPS-234;APRA CPS 234 Information Security;
aws;Prudential Standard CPS 234 (Information Security) requires APRA-regulated entities to maintain information security commensurate with the size and extent of threats to their information assets. This framework maps the operative requirements of CPS 234 (paragraphs 13-36, July 2019) to AWS controls verifiable with Prowler. Paragraph references are taken from the official APRA CPS 234 standard. Governance and process obligations that cannot be observed via AWS APIs are marked Manual.;123456789012;ap-southeast-2;2026-06-06 18:26:25.671606;cps234-21-public-exposure;Implementation of controls (paragraph 21): prevent the unauthorised disclosure of information assets, including unintended public exposure.;Implementation of controls;;;;;PASS;S3 Bucket tf-state-123456789012-ap-southeast-2 is not public.;arn:aws:s3:::tf-state-123456789012-ap-southeast-2;s3_bucket_public_access;False;tf-state-123456789012-ap-southeast-2;APRA-CPS-234;APRA CPS 234 Information Security;
aws;Prudential Standard CPS 234 (Information Security) requires APRA-regulated entities to maintain information security commensurate with the size and extent of threats to their information assets. This framework maps the operative requirements of CPS 234 (paragraphs 13-36, July 2019) to AWS controls verifiable with Prowler. Paragraph references are taken from the official APRA CPS 234 standard. Governance and process obligations that cannot be observed via AWS APIs are marked Manual.;123456789012;ap-southeast-2;2026-06-06 18:26:25.671606;cps234-21-logging;Implementation of controls (paragraph 21): audit logging to support the detection of, and response to, information security incidents and to provide an audit trail.;Implementation of controls;;;;;FAIL;S3 Bucket tf-state-123456789012-ap-southeast-2 has server access logging disabled.;arn:aws:s3:::tf-state-123456789012-ap-southeast-2;s3_bucket_server_access_logging_enabled;False;tf-state-123456789012-ap-southeast-2;APRA-CPS-234;APRA CPS 234 Information Security;
aws;Prudential Standard CPS 234 (Information Security) requires APRA-regulated entities to maintain information security commensurate with the size and extent of threats to their information assets. This framework maps the operative requirements of CPS 234 (paragraphs 13-36, July 2019) to AWS controls verifiable with Prowler. Paragraph references are taken from the official APRA CPS 234 standard. Governance and process obligations that cannot be observed via AWS APIs are marked Manual.;123456789012;ap-southeast-2;2026-06-06 18:26:25.671606;cps234-21-threat-detection;Implementation of controls (paragraph 21): detective controls capable of identifying information security incidents in a timely manner.;Implementation of controls;;;;;FAIL;Security Hub is not enabled.;arn:aws:securityhub:ap-southeast-2:123456789012:hub/unknown;securityhub_enabled;False;hub/unknown;APRA-CPS-234;APRA CPS 234 Information Security;
aws;Prudential Standard CPS 234 (Information Security) requires APRA-regulated entities to maintain information security commensurate with the size and extent of threats to their information assets. This framework maps the operative requirements of CPS 234 (paragraphs 13-36, July 2019) to AWS controls verifiable with Prowler. Paragraph references are taken from the official APRA CPS 234 standard. Governance and process obligations that cannot be observed via AWS APIs are marked Manual.;;;2026-06-06 18:26:25.671606;cps234-13-roles-responsibilities;The Board of an APRA-regulated entity is ultimately responsible for the information security of the entity, and the entity must clearly define the information security-related roles and responsibilities of the Board, senior management, governing bodies and individuals.;Roles and responsibilities;;;;;MANUAL;Manual check;manual_check;manual;False;Manual check;APRA-CPS-234;APRA CPS 234 Information Security;
aws;Prudential Standard CPS 234 (Information Security) requires APRA-regulated entities to maintain information security commensurate with the size and extent of threats to their information assets. This framework maps the operative requirements of CPS 234 (paragraphs 13-36, July 2019) to AWS controls verifiable with Prowler. Paragraph references are taken from the official APRA CPS 234 standard. Governance and process obligations that cannot be observed via AWS APIs are marked Manual.;;;2026-06-06 18:26:25.671606;cps234-15-security-capability;An APRA-regulated entity must maintain an information security capability commensurate with the size and extent of threats to its information assets (including assets managed by related/third parties) and actively maintain it as vulnerabilities and threats change.;Information security capability;;;;;MANUAL;Manual check;manual_check;manual;False;Manual check;APRA-CPS-234;APRA CPS 234 Information Security;
aws;Prudential Standard CPS 234 (Information Security) requires APRA-regulated entities to maintain information security commensurate with the size and extent of threats to their information assets. This framework maps the operative requirements of CPS 234 (paragraphs 13-36, July 2019) to AWS controls verifiable with Prowler. Paragraph references are taken from the official APRA CPS 234 standard. Governance and process obligations that cannot be observed via AWS APIs are marked Manual.;;;2026-06-06 18:26:25.671606;cps234-18-policy-framework;An APRA-regulated entity must maintain an information security policy framework commensurate with its exposures to vulnerabilities and threats, providing direction on the responsibilities of all parties who have an obligation to maintain information security.;Policy framework;;;;;MANUAL;Manual check;manual_check;manual;False;Manual check;APRA-CPS-234;APRA CPS 234 Information Security;
aws;Prudential Standard CPS 234 (Information Security) requires APRA-regulated entities to maintain information security commensurate with the size and extent of threats to their information assets. This framework maps the operative requirements of CPS 234 (paragraphs 13-36, July 2019) to AWS controls verifiable with Prowler. Paragraph references are taken from the official APRA CPS 234 standard. Governance and process obligations that cannot be observed via AWS APIs are marked Manual.;;;2026-06-06 18:26:25.671606;cps234-20-asset-classification;An APRA-regulated entity must classify its information assets, including those managed by related parties and third parties, by criticality and sensitivity.;Information asset identification and classification;;;;;MANUAL;Manual check;manual_check;manual;False;Manual check;APRA-CPS-234;APRA CPS 234 Information Security;
aws;Prudential Standard CPS 234 (Information Security) requires APRA-regulated entities to maintain information security commensurate with the size and extent of threats to their information assets. This framework maps the operative requirements of CPS 234 (paragraphs 13-36, July 2019) to AWS controls verifiable with Prowler. Paragraph references are taken from the official APRA CPS 234 standard. Governance and process obligations that cannot be observed via AWS APIs are marked Manual.;;;2026-06-06 18:26:25.671606;cps234-22-third-party-controls;Where an APRA-regulated entity's information assets are managed by a related party or third party, the entity must evaluate the design of that party's information security controls that protect the entity's information assets.;Implementation of controls;;;;;MANUAL;Manual check;manual_check;manual;False;Manual check;APRA-CPS-234;APRA CPS 234 Information Security;
aws;Prudential Standard CPS 234 (Information Security) requires APRA-regulated entities to maintain information security commensurate with the size and extent of threats to their information assets. This framework maps the operative requirements of CPS 234 (paragraphs 13-36, July 2019) to AWS controls verifiable with Prowler. Paragraph references are taken from the official APRA CPS 234 standard. Governance and process obligations that cannot be observed via AWS APIs are marked Manual.;;;2026-06-06 18:26:25.671606;cps234-24-response-plans;An APRA-regulated entity must maintain information security response plans covering all relevant stages of an incident (detection to post-incident review) and escalation/reporting to the Board, and must annually review and test those plans.;Incident management;;;;;MANUAL;Manual check;manual_check;manual;False;Manual check;APRA-CPS-234;APRA CPS 234 Information Security;
aws;Prudential Standard CPS 234 (Information Security) requires APRA-regulated entities to maintain information security commensurate with the size and extent of threats to their information assets. This framework maps the operative requirements of CPS 234 (paragraphs 13-36, July 2019) to AWS controls verifiable with Prowler. Paragraph references are taken from the official APRA CPS 234 standard. Governance and process obligations that cannot be observed via AWS APIs are marked Manual.;;;2026-06-06 18:26:25.671606;cps234-32-internal-audit;An APRA-regulated entity's internal audit activities must include a review of the design and operating effectiveness of information security controls, provided by appropriately skilled personnel, including assurance over related-party and third-party controls relied upon.;Internal audit;;;;;MANUAL;Manual check;manual_check;manual;False;Manual check;APRA-CPS-234;APRA CPS 234 Information Security;
aws;Prudential Standard CPS 234 (Information Security) requires APRA-regulated entities to maintain information security commensurate with the size and extent of threats to their information assets. This framework maps the operative requirements of CPS 234 (paragraphs 13-36, July 2019) to AWS controls verifiable with Prowler. Paragraph references are taken from the official APRA CPS 234 standard. Governance and process obligations that cannot be observed via AWS APIs are marked Manual.;;;2026-06-06 18:26:25.671606;cps234-35-apra-notification;"An APRA-regulated entity must notify APRA as soon as possible and no later than 72 hours after becoming aware of an information security incident that materially affected (or had the potential to materially affect) the entity or its customers, or that was notified to other regulators; and no later than 10 business days after becoming aware of a material information security control weakness it expects it will not be able to remediate in a timely manner.";APRA notification;;;;;MANUAL;Manual check;manual_check;manual;False;Manual check;APRA-CPS-234;APRA CPS 234 Information Security;
